,predictions
images/0.jpg,10
images/1.jpg,10
images/10.jpg,10
images/100.jpg,10
images/101.jpg,10
images/102.jpg,10
images/103.jpg,10
images/104.jpg,10
images/105.jpg,10
images/106.jpg,10
images/107.jpg,10
images/108.jpg,10
images/109.jpg,10
images/11.jpg,10
images/110.jpg,10
images/111.jpg,10
images/112.jpg,10
images/113.jpg,10
images/114.jpg,10
images/115.jpg,10
images/116.jpg,10
images/117.jpg,10
images/118.jpg,10
images/119.jpg,10
images/12.jpg,10
images/120.jpg,10
images/121.jpg,10
images/122.jpg,10
images/123.jpg,10
images/124.jpg,10
images/125.jpg,10
images/126.jpg,10
images/127.jpg,10
images/128.jpg,10
images/129.jpg,10
images/13.jpg,10
images/130.jpg,10
images/131.jpg,10
images/132.jpg,10
images/133.jpg,10
images/134.jpg,10
images/135.jpg,10
images/136.jpg,10
images/137.jpg,10
images/138.jpg,10
images/139.jpg,10
images/14.jpg,10
images/140.jpg,10
images/141.jpg,10
images/142.jpg,10
images/143.jpg,10
images/144.jpg,10
images/145.jpg,10
images/146.jpg,10
images/147.jpg,10
images/148.jpg,10
images/149.jpg,10
images/15.jpg,10
images/150.jpg,10
images/151.jpg,10
images/152.jpg,10
images/153.jpg,10
images/154.jpg,10
images/155.jpg,10
images/156.jpg,10
images/157.jpg,10
images/158.jpg,10
images/159.jpg,10
images/16.jpg,10
images/160.jpg,10
images/161.jpg,10
images/162.jpg,10
images/163.jpg,10
images/164.jpg,10
images/165.jpg,10
images/166.jpg,10
images/167.jpg,10
images/168.jpg,10
images/169.jpg,10
images/17.jpg,10
images/170.jpg,10
images/171.jpg,10
images/172.jpg,10
images/173.jpg,10
images/174.jpg,10
images/175.jpg,10
images/176.jpg,10
images/177.jpg,10
images/178.jpg,10
images/179.jpg,10
images/18.jpg,10
images/180.jpg,10
images/181.jpg,10
images/182.jpg,10
images/183.jpg,10
images/184.jpg,10
images/185.jpg,10
images/186.jpg,10
images/187.jpg,10
images/188.jpg,10
images/189.jpg,10
images/19.jpg,10
images/190.jpg,10
images/191.jpg,10
images/192.jpg,10
images/193.jpg,10
images/194.jpg,10
images/195.jpg,10
images/196.jpg,10
images/197.jpg,10
images/198.jpg,10
images/199.jpg,10
images/2.jpg,10
images/20.jpg,10
images/200.jpg,10
images/201.jpg,10
images/202.jpg,10
images/203.jpg,10
images/204.jpg,10
images/205.jpg,10
images/206.jpg,10
images/207.jpg,10
images/208.jpg,10
images/209.jpg,10
images/21.jpg,10
images/210.jpg,10
images/211.jpg,10
images/212.jpg,10
images/213.jpg,10
images/214.jpg,10
images/215.jpg,10
images/216.jpg,10
images/217.jpg,10
images/218.jpg,10
images/219.jpg,10
images/22.jpg,10
images/23.jpg,10
images/24.jpg,10
images/25.jpg,10
images/26.jpg,10
images/27.jpg,10
images/28.jpg,10
images/29.jpg,10
images/3.jpg,10
images/30.jpg,10
images/31.jpg,10
images/32.jpg,10
images/33.jpg,10
images/34.jpg,10
images/35.jpg,10
images/36.jpg,10
images/37.jpg,10
images/38.jpg,10
images/39.jpg,10
images/4.jpg,10
images/40.jpg,10
images/41.jpg,10
images/42.jpg,10
images/43.jpg,10
images/44.jpg,10
images/45.jpg,10
images/46.jpg,10
images/47.jpg,10
images/48.jpg,10
images/49.jpg,10
images/5.jpg,10
images/50.jpg,10
images/51.jpg,10
images/52.jpg,10
images/53.jpg,10
images/54.jpg,10
images/55.jpg,10
images/56.jpg,10
images/57.jpg,10
images/58.jpg,10
images/59.jpg,10
images/6.jpg,10
images/60.jpg,10
images/61.jpg,10
images/62.jpg,10
images/63.jpg,10
images/64.jpg,10
images/65.jpg,10
images/66.jpg,10
images/67.jpg,10
images/68.jpg,10
images/69.jpg,10
images/7.jpg,10
images/70.jpg,10
images/71.jpg,10
images/72.jpg,10
images/73.jpg,10
images/74.jpg,10
images/75.jpg,10
images/76.jpg,10
images/77.jpg,10
images/78.jpg,10
images/79.jpg,10
images/8.jpg,10
images/80.jpg,10
images/81.jpg,10
images/82.jpg,10
images/83.jpg,10
images/84.jpg,10
images/85.jpg,10
images/86.jpg,10
images/87.jpg,10
images/88.jpg,10
images/89.jpg,10
images/9.jpg,10
images/90.jpg,10
images/91.jpg,10
images/92.jpg,10
images/93.jpg,10
images/94.jpg,10
images/95.jpg,10
images/96.jpg,10
images/97.jpg,10
images/98.jpg,10
images/99.jpg,10
